id,first_name,sueldo,horas trabjadas
1,Courtney,13308,240
2,Wittie,69393,25
3,Donavon,18339,224
4,Francene,22494,7
5,Mathew,12608,235
6,Zsazsa,5156,152
7,Orly,19440,78
8,Dugald,35804,171
9,Grete,51410,120
10,Jehu,85058,246
11,Chantal,89593,166
12,Davis,92500,182
13,Allison,42121,225
14,Carlynn,35219,133
15,Blaire,15663,19
16,Cassy,31933,215
17,Vyky,86183,134
18,Kara-lynn,23816,176
19,Eddi,28971,128
20,Turner,19194,65
21,Payton,70920,203
22,Tiebout,3871,9
23,Max,7786,223
24,Jammie,72931,119
25,Brietta,43848,212
26,Eugene,17469,227
27,Hazel,2361,127
28,Hester,3458,158
29,Ali,8413,223
30,Kendal,91014,227
31,Lexis,30834,137
32,Vernor,70921,161
33,Rolph,50206,14
34,Layney,90005,196
35,Teodorico,71835,2
36,Talyah,38416,21
37,Robyn,56992,95
38,Inglebert,26915,188
39,Robena,51903,98
40,Bethena,34444,231
41,Benedicta,27292,52
42,Lynea,86445,171
43,Isis,63185,167
44,Eric,32109,67
45,Lona,97496,130
46,Elva,77080,106
47,Stafford,34180,178
48,Brittany,96432,70
49,Renault,99775,95
50,Petrina,84830,138
51,Willie,59136,8
52,Taber,64326,236
53,Guillaume,44298,47
54,Mendie,27601,139
55,Kaiser,22081,29
56,Sheryl,11192,54
57,Fayre,52472,215
58,Donovan,16329,233
59,Osborn,58470,3
60,Ainsley,92837,24
61,Emelia,3600,87
62,Fae,13577,46
63,Laurette,2585,234
64,Swen,2974,129
65,Anni,56560,189
66,Nicoline,72250,63
67,Amalita,94028,2
68,Christina,68355,161
69,Lonnie,56749,113
70,Bear,53008,96
71,Bay,50017,42
72,Bebe,87529,204
73,George,73020,195
74,Jeffrey,89949,212
75,Nevsa,66316,213
76,Allyn,72892,10
77,Shani,73526,192
78,Maxy,95579,71
79,Marian,49798,5
80,Robinson,3946,49
81,Jasmin,71206,28
82,Winnah,42429,93
83,Jerrie,98212,9
84,Josh,44399,138
85,Pippo,85111,157
86,Saunders,68724,7
87,Fanchon,94050,244
88,Lynnell,40157,234
89,Ashlie,58585,82
90,Angelika,98729,165
91,Isaac,81065,152
92,Kala,28257,19
93,Zahara,46157,227
94,Adaline,36404,194
95,Belicia,1359,43
96,Bibby,25610,76
97,Gertrude,40797,135
98,Tootsie,67799,127
99,Freddy,97326,55
100,Talia,21813,234
101,Gregoor,89917,216
102,Stevana,90925,141
103,Fayina,23773,202
104,Lacie,16005,198
105,Heath,3403,11
106,Nicola,79964,175
107,Reinold,67147,216
108,Rosanne,58375,215
109,Camella,76654,162
110,Milicent,21420,63
111,Kimberlee,83139,59
112,Curry,59982,47
113,Alistair,66335,156
114,Kylie,69745,65
115,Sheffie,10934,162
116,Bettina,74392,170
117,Shanda,22916,12
118,Jade,98385,181
119,Jarid,4505,191
120,Nance,68889,28
121,Nicole,46093,170
122,Terrijo,39600,88
123,Vallie,86133,211
124,Bethina,93074,108
125,Stanfield,90382,148
126,Lind,22988,22
127,Vonni,20001,188
128,Orion,80825,46
129,Kandace,22688,177
130,Katine,24219,39
131,Garvey,91011,89
132,Bail,18565,107
133,Emlyn,66422,244
134,Ardeen,98735,151
135,Grannie,53359,9
136,Wilbert,72799,21
137,Waring,31211,91
138,Elise,38266,161
139,Marchall,15926,218
140,Maddie,96223,143
141,Lib,44797,34
142,Archibaldo,91755,184
143,Lorna,45876,193
144,Peyton,86409,89
145,Paulette,34311,30
146,Hyacintha,61810,90
147,Constancia,44049,170
148,Emylee,38576,244
149,Birk,36157,163
150,Alidia,75900,39
151,Raffarty,86834,109
152,Leslie,57682,118
153,Joshuah,65517,137
154,Keri,78526,96
155,Flin,62153,106
156,Aluino,38463,170
157,Shayne,77916,123
158,Domeniga,53932,209
159,Morganica,79653,80
160,Cindra,9348,135
161,Loraine,56159,115
162,Mady,18470,118
163,Kenyon,53217,168
164,Donetta,9082,212
165,Benni,99017,128
166,Michel,49016,124
167,Edith,52849,194
168,Hi,63625,140
169,Layla,3791,195
170,Giffie,18120,72
171,Hyacinthe,38786,213
172,Kippie,3560,69
173,Corinna,15696,21
174,Tim,98163,51
175,Martelle,95670,139
176,Tamqrah,42671,47
177,Marlo,12416,11
178,Carri,60608,31
179,Tammara,89905,40
180,Dino,55245,193
181,Bettine,15537,35
182,Harlie,46650,243
183,Hyacinthe,67586,79
184,Bride,35015,102
185,Cesaro,89156,49
186,Betta,36534,51
187,Sterling,89013,218
188,Nicolette,8874,29
189,Appolonia,9428,44
190,Cosetta,30633,25
191,Del,12987,169
192,Ramona,57147,177
193,Harrie,93400,66
194,Joell,86008,117
195,Joscelin,48320,46
196,Ilse,68683,185
197,Rollins,83418,192
198,Angelika,42473,131
199,Hazel,74568,179
200,Gerti,24097,216
201,Leoline,62177,109
202,Odelia,71545,56
203,Lyndsey,53427,215
204,Ricky,26475,236
205,Lambert,97976,241
206,Charil,92334,99
207,Lexie,98574,195
208,Roseann,26599,98
209,Tobin,11635,47
210,Wilmar,54093,244
211,Sidonnie,42923,101
212,Leontine,76844,161
213,Jackie,80500,191
214,Ezequiel,11241,194
215,Rudolph,7146,196
216,Ranee,71141,82
217,Janie,5803,127
218,Carver,37321,128
219,Niki,55613,47
220,Kamilah,43145,89
221,Gael,86578,146
222,Mallissa,7020,87
223,Vic,71953,122
224,Chiarra,5435,76
225,Letitia,35547,7
226,Brittaney,91163,17
227,Amargo,40566,146
228,Morry,17438,55
229,Caressa,24453,222
230,Delcina,1550,25
231,Dacia,46976,51
232,Oralie,23736,54
233,Bucky,57133,22
234,Candis,80356,145
235,Holli,72819,30
236,Sigismond,70423,102
237,Moll,22072,167
238,Oralle,68904,41
239,Yasmeen,5808,217
240,Gustaf,56428,31
241,Drucill,97001,86
242,Riane,10616,67
243,Alyda,75331,43
244,Alikee,58878,114
245,Aili,63271,220
246,Peri,47481,130
247,Marilee,32530,128
248,Kori,26685,190
249,Ysabel,24921,195
250,Vally,83789,152
